Datum	Lokacija	Organizator / Izvođač	Aktivnost (Naziv i kratak opis događaja)	Linkovi	Kategorija
12/8/2010	foyer HNK Zadar 	Milan Drača-Lalo, zadarski fotograf i pjesnik	MULTIMEDIJALNI CIKLUS 'PRIČE IZ ZODIACA'                                Koncem 2010 godine i početkom nove 2011, Milan Drača-Lalo, zadarski fotograf i pjesnik, multimedijalnim ciklusom „Priče iz Zodiaca“ ispričao je jednu fotografsku priču  o Zodiacu i njegovim gostima i konobarima, izloživši je zajedno sa svojim pjesmama … Milan Drača-Lalo načinio je i sasvim osobnu biografiju svakog od nas. Uspjelo mu je, jednim nizom od dvanaest slika, ispričati priču koja je, istovremeno, opća i kolektivna, ali i vrlo osobna i duboko intimna… u gradu u kojem trošimo naše živote, Zodiac je svačije ogledalo.	http://www.ezadar.hr/clanak/veceras-otvorenje-izlozbe-milana-drace-lale-price-iz-zodiaca http://www.zadarskilist.hr/clanci/08122010/price-iz--zodiaca http://www.ezadar.hr/clanak/kako-se-zodiac-preselio-u-predvorje-hnk-zadar http://www.zadarskilist.hr/clanci/11012011/kafic-iza-kojeg-stoji-prica http://057info.hr/kultura/2010-12-08/zadarski-alternativci-uhvaceni-u-vremenu 	Fotografija / Mutlimedija
20.11.2011.	Ispred bivšeg kina Pobjeda 	Zadarski plesni ansambl	PLESNI PERFORMANS "ARTIKULTURA NE STANUJE OVDJE"                        U nastojanju da ukažu na nezavidan položaj plesne kulture u Zadru, mlade članice Zadarskog plesnog ansambla predvođene svojim voditeljicama Sanjom Petrovski i Stošijom Zrinski u subotu su u okviru "Noći kazališta" ispred bivšeg kina Pobjeda izvele plesni performans "Artikultura više ne stanuje ovdje"	http://www.zadarskilist.hr/clanci/22112010/minuta-sutnje-za-artikulturu-koja-vise-ne-stanuje-ovdje http://www.zadarskilist.hr/clanci/30112010/petrovski-kultura-vise-ne-stanuje-ovdje http://www.ezadar.hr/clanak/neka-nama-kulture-pregled-dogadanja-u-2010-godini 	Performans            (Plesni performans) 
02. – 07.01.2011	Plesna dvorana ZPA na Relji (Ulica kralja Držislava 10)	Zadarski plesni ansambl	ZIMSKA PLESNA RADIONICA                                                              Zadarski plesni ansambl se nije dao obeshrabriti besramnim gašenjem Artikulture, nastavio je već početkom siječnja s radionicom Matea Bilosnić i Josipa Štulić studentice plesne akademije u Salzburgu SEAD (Salzburg Experimental Academy of Dance) cilj upoznati zadarske plesače sa inovacijama i novim plesnim tehnikama koje se razvijaju širom svijeta.	http://www.ezadar.hr/clanak/zimska-plesna-radionica-od-2-do-7-sijecnja	Ples                            (plesna radionica)
14.01.2011.	Kazalište lutaka Jazine	Kazališna udruga 'Igrajmo se'	PREDSTAVA SNJEGULJICA ZA 10 GODINA UDRUGE 'IGRAJMO SE' Povodom proslave desete godišnjice postojanja udruga Igrajmo se već nekoliko mjeseci održavaju projekt „Ja znam što je kazalište“ u sklopu kojeg su odigrali „Snjeguljicu“ i „Romea i Juliju“. Odigrat će još i „Slijepe ulice“ i „Jednostavno (nesretni)“. Snjeguljica je prva je u nizu predstava. Adaptaciju teksta/režiju potpisuje Matija Šango-Šimurina, a glumci su polaznici osnovnoškolskog uzrasta udruge.	http://www.ezadar.hr/clanak/snjeguljica-za-deset-godina-udruge-igrajmo-se http://www.057info.hr/kultura/2011-01-03/snjegulica-u-izvedbi-igrajmo-se-daje-se-u-jazinama http://www.zadarskilist.hr/clanci/15012011/snjeguljica-obara-sve-rekorde http://www.zadarskilist.hr/clanci/26032011/na-tragu-kazalista-mladih http://www.zadarskilist.hr/clanci/11012011/princip-i-svrha-rada-je-da-se-edukacija-nastavi-u-jednom-kruznom-tijeku 	Kazalište 
23.01.2011.	Arsenal Zadar	Plesna skupina „Floor shakers“ (plesna udruga „U pokretu“ IN FLUX) 	ŽUPANIJSKO NATJECANJE ZA POJEDINCE U BRAKDANCEU         Plesna skupina „Floor shakers“ (plesna udruga „u pokretu“ IN FLUX) je organizator, a gosti sudci Don Kiki, Entoni Radman i Mali Dinek (JBM CREW) . Kao glazbeni gost nastupio je i DJ Chill, jedan od napopularnijih hip hop DJ-eva na našem području. Na natjecanju su sudjelovali i natjecatelji iz Knina, a nastupile su i skupine „Show team“ (Knin) „21 street“(Bibinje), reper Pendrek iz Zagreba i OPTY  i 2IB . Natjecanje je održano po principu kup sistema, a natjecatelji su nastupili u tri kategorije pred brojnom publikom u Arsenalu.	http://www.zadarskilist.hr/clanci/25012011/u-zadru-napokon-sudenje-po-svim-standardima-b-boy-kulture	Ples (breakdance)
29.01.2011.	Studentski klub 'Božo Lerotić' Zadar	Šigureca	4. ZADARSKA GITARIJADA                                                                                                1. kvalifikacijski koncert 'JEZA IROKEZA'                                                               Nakon kraće stanke, unatoč financijskim problemima, te prošlogodišnje „hoćemo/nećemo imati finale gitarijade“ Udruga Šigureca je najavila nastavak natjecanja za demo bendove – Gitarijadu 2011. Prvi u nizu kvalifikacijskih koncerata „Jeza Irokeza“ održan je u subotu 29.01.2011. u Studentskom klubu „Božo Lerotić“.  Gosti su zagrebačka punk-folk-well-ness atrakcija, grupa „Brkovi“. Bendovi  na Jezi su Neon green, Tehnička greška, Black Orange Box, i Crassso De Odio. Pobjednik ovogodišnje Jeze irokeze je bend Neon green.	http://www.voxportal.hr/vijest/prvi-koncert--jeza-irokeza/3407.html             http://www.zadarskilist.hr/clanci/03022011/u-finalu-neon-green http://www.057info.hr/zabava/2011-01-31/neon-green-pobjednici-jeze-irokeze http://www.voxportal.hr/vijest/uskoro-demo-album-sa-sest-autorskih-pjesama/4210.html http://www.voxportal.hr/vijest/u-finalu-gitarijade-sedam-bendova/5546.html  	Glazba (koncert)
30.01.2011. 	prostorije Zadarskog  plesnog ansambla i Plesne  udruge "Gesta"	 organizatorica plesnih radionica u Zadru je Nina Lipotica	RADIONICA PET RITMOVA                                                                   Tradicija plesa ritmova krenula je s Manhattna  kad je koreografkinja Gabrielle Roth otkrila jednostavan ritam svog tijela i osmislila plesne radionice namijenjene svakom čovjeku. Voditeljica radionice je Zdenka Sajko, plesačica s desetogodišnjim stažem u pet plesnih ritmova.Radionice pet ritmova sve su češće u Zadru a tema ovog vikenda bit će moć bivanja u dvorani Zadarskog plesnog ansambla. Slijedeće radionice su najavljene 20.02., 17.04., 15.05. i 12.06.2011.	http://www.zadarskilist.hr/clanci/02022011/nakon-svijeta-plesna-metoda--5-ritmova-osvojila-i-zadar	Ples                            (plesna radionica)
04.02.2011.	Arsenal Zadar	Zadarski plesni ansambl	PREDSTAVA 'COLOUR' ZADARSKOG PLESNOG ANSAMBLA U ZADRU                                                                                                                 Zbog zatvaranja Kina Pobjede i projekta Artikultura sve više udruga odabire Arsenal kao lokaciju predstavljanja svog rada. 4. veljače Zadarski plesni ansambl izveo je predstavu suvremenog plesa pod nazivom „Colour“. Predstava je premijerno izvedena u svibnju prošle godine u Kinu Pobjeda a koreografiju video i kostimografiju potpisuje Stošija Zrinski. Predstava je nadahnuta elementima zemlje, vode, zraka i vatre.	http://www.ezadar.hr/clanak/colour-zadarskog-plesnog-ansambla-4-veljace-u-arsenalu http://plesnascena.hr/index.php?p=article&id=1243  	Predstava suvemenog plesa
10.02.2011.	Gradska knjižnica Biograd	ZAPIS	KNJIŽEVNA VEČER ZAPIS-a U BIOGRADU                                         Povodom Valentinova, dana zaljubljenih, biogradska knjižnica je upriličila uspješnu književnu večer. Gosti u Gradskoj knjižnici bili su članovi zadarske udruge Za Pis. Zadarski pisci predvođeni predsjednikom udruge Robertom Nezirovićem, predstavili su se u svom najboljem izdanju- piše Jelica Farkaš: Sa starijim, ali i najnovijim pjesmama i pričama, kojima je tema bila ljubav u svim njezinim oblicima, iskazana na najrazličitije načine. Zapis o Zapisovcima završimo stihom Ivana Habuša:                                 Nisam te tražio, samo sam te gledao, nisi me tražila, samo si me gledala…	http://www.ezadar.hr/clanak/zapis-veceras-u-gradskoj-knjiznici-biograd http://www.biogradnamoru.hr/novosti/grad-biograd/2011-02-08/knjizevna-vecer-povodom-dana-zaljubljenih-u-gradskoj-knjiznici-biograd 	Književnost
11.02. - 14.02.2011. 	crkva Sv. Lovre	organizator Udruga Kreativa i obrtnici s Poluotoka, cvjećarnica Natali i Fiorentino, galerija Anima, agencija Multiart i Forum te butika Paladium i vjenčanice ADA.	IZLOŽBA NEKA NAM LJUBAVLJU ZORI SVAKO JUTRO I USNE SVAKI DAN                                                                                                                              U prostorijama crkvice sv. Lovre 11. veljače otvorena je izložba prodajnog karaktera udruga „Multiart“ i „Kreativa“ pod pokroviteljstvom TZ Grada i MO Poluotok. Svoje su radove izložili Silvijana Dražović i Zoran Debelić.	http://www.ezadar.hr/clanak/ljubavna-izlozba-u-crkvici-sv-lovre	Svašta izložba?            (izložba slika, cvjetnih aranžmana, čestitki….)
11.02.2011.		otvoreno pismo 	ZAŠTO NISTE ZGRADU ZARAUSHEK DODIJELILI ZADARSKOJ NEZAVISNOJ SCENI                                                                                    Vedran Miočić Stošić oglasio se u petak 11. veljače 2011. u Zadarskom listu člankom o višedesetljetnom sramotnom odnosu gradskih vlasti i o infrastrukturnoj podršci prema nezavisnoj kulturnoj sceni. Iskritiziravši odnos gradske vlasti i šire javnosti za etiketiranje nezavisne scene i sustavno zanemarivanje novih generacija mladih. Usporedio je primjer otetog Doma hrvatske mladeži sa ponovnim otimanjem Zgrade Zaraušek koja je mogla i trebala biti ključ revitalizacije nezavisne scene i osnutka jedinstvenog kulturnog centra  za hrvatske i europske umjetnike. Obrazloženje Grada Zadra da se rušenje više isplati nego obnova  Stošić demantira  postojanjem europskih fondova i natječaja koji upravo financiraju takve vrste projekata   njihovu daljnju produkcijsku  infrastrukturu.	http://www.057info.hr/vijesti/2011-02-09/zasto-niste-zarausek-dali-nezavisnoj-sceni http://www.znet.hr/2011/02/otvoreno-pismo-reakcija-na-rusenje-zgrade-zarausek-u-zadru/ 	aktivizam ?
23.02.2011.	galerija ZadArt	udruga ZadArt / Claudia Kruschel 	IZLOŽBA SLIKA CLAUDIE KRUSCHEL                                                               U galeriji „ZadArt“, izložbenom prostoru istoimene udruge, svečano je otvorena izložba slika Claudie Kruschel. Maja Pavin Radaljac u katalogu izložbe predstavlja djela bez pretenzije s prisustvom egzaktnosti koja je rezultat znanstvenog rada kojim se autorica bavi i od kojeg živi. Claudia Kruschel rođena je 1968. U Njemačkoj, studirala likovnu umjetnost u Oregonu i Miamiu. Od 2008. članica je likovne udruge „ZadArt“.	http://www.zadarskilist.hr/clanci/28022011/kruschel-u-zadru-se-prikazuju-prava-umjetnost-i-kic-pod-istim-krovom	Slikarstvo
03.03.2011.	HNK Zadar	Zadarski plesni ansambl	PLESNA PREDSTAVA ZPA 'MASKERATA'                                             03.03. 2011. u HNK Zadar Zadarski plesni ansambl izveo je plesnu predstavu „Maskerata“ u koreografiji Sanje Petrovski, Lare Stanin, Stošije Zrinski, Marine Ružić, Nikoline Dolfić, Tee Kulaš i Stelle Rončević. Program Ansambla je popularizacija suvremenog plesa i razvoj plesne umjetnosti  kroz pripremanje i izvođenje kazališnih predstava, performansa, tečajeva, radionica i treninga.          Od ove školske godine osnovana je i nova plesna grupa čije su voditeljice Sanja Petrovski, Tea Kulaš i Stella Rončević. Grupu sačinjavaju djeca osnovne i srednje škole. Probe se odvijaju u plesnoj dvorani na Relji	http://www.zadarskilist.hr/clanci/04032011/najbolji-zadarski-plesaci-odusevili-svojim-izvedbama http://www.ezadar.hr/clanak/plesna-vecer-zpa-dalmatinske-sjore-i-gace-na-botune  	Plesna predstava
05.03.2011.	Studentski klub 'Božo Lerotić' Zadar	Šigureca	4. ZADARSKA GITARIJADA                                                                                  2. Kvalifikacijski koncert 'ROCKY 11'                                                        Drugi koncert Gitarijade održao se 5.ožujka 2011. godine pod nazivom ROCKY 11. U žestokoj borbi opisuje Iva Perinčić između Dišpeta, Dirty Harrya, Meshi The Bovich Zoo-a, Single Ladies su ipak svojim debitantskim nastupom oduševili publiku i time osigurali nastup na finalu Zadarske gitarijade 2011.Užarenu atmosferu do usijanja doveli su energični Erotic Biljan & His Heretics.	http://www.057info.hr/zabava/2011-03-02/zadarska-gitarijada-rocky-11 http://www.voxportal.hr/vijest/u-finalu-gitarijade-sedam-bendova/5546.html  	Glazba (koncert)
06.03.2011.	Poreč, Festival smijeha 'Zlatni zub'	Dragon teatar	DRAGON TEATAR NA FESTIVAL SMIJEHA ODLAZI S BUŽOM Tijekom proteklog ljeta  Samostalni kazališni likovi iz Zadra, sad već ujedinjeni u novo osnovanoj umjetničkoj organizaciji “Dragon teatar“ gostuju 6.ožujka u Poreču na festivalu smijeha „Zlatni zub“. Predstava je rađena prema farsi Živka Jeličića, a uloge tumače Mimi Zadarski, Miro Pucar i Vinko Radovčić. Režiju potpisuje umjetnička voditeljica  Maja Šimić.	http://porec.mobi/prva.asp?clanak=28741  	Kazalište
11.03.2011.	5 različitih lokacija u gradu	Šigureca	PROJEKT „RAKURS 5“                                                                                  'Rakurs 5' je projekt udruge Šigureca koja se bavi razvojem nezavisne kulture te stavlja poseban naglasak na kreativnu misao, ideje i djelovanja. 2011. godine natjecanje se odvija na temu „Interakcija s prostorom“: Ekspresija tijelom, fobije, Hitchock Hommage, Pin-up 21.st, Smijehom ulicamagrada, Stručni žiri, koji se sastoji od troje fotografa izabire pet umjetnika, čiji će radovi biti izloženi na interaktivnoj video-izložbi na ulicama Zadra.	http://www.ezadar.hr/clanak/rakurs-5-tijelo-kao-medij http://www.ezadar.hr/clanak/u-petak-otvorenje-izlozbe-ekspresija-tijelom-tijelo-kao-medij-rakursa-5 	Fotografija / Mutlimedija
11.03.2011.	Arsenal Zadar	udruga Zadar Fashion u suradnji s udrugom Eko Zadar	EKO REVIJA ZADAR FASHION                                                                      Arsenal je 11.ožujka ugostio neobičnu modnu reviju pod nazivom Eko revija Zadar Fashion. Organizator revije je „Zadar Fashion“ u suradnji s Udrugom „Eko-Zadar“ s ciljem promocije spoja mode i ekologije	http://www.057info.hr/zabava/2011-03-11/zadar-fashion-eko-revija http://www.voxportal.hr/vijest/odrzana-zadar-fashion-eko-revija/6100.html http://www.zadarskilist.hr/clanci/14032011/modnom-revijom-upozorili-na--oneciscenje-rijeka-zrmanje-i-une http://www.ezadar.hr/clanak/ozujak-u-arsenalu 	Moda
23.03.2011.	Atelje Benini	ZAPIS	ZAPIS UGOSTIO IVANA GAĆINU I ŽELIMIRA PERIŠU                          Atelje Benini ugostio je 23.03.2011. još jednu književnu večer Udruge zadarskih pisaca „ZaPis“. Ova večer bila je svojevrsni finale piše Valentina Mlađen, pred manifestaciju Gradske knjižnice Zadar „Zadar čita“ za vrijeme koje će ZaPisovci nastupiti u nekoliko knjižnica Zadarske županije.Uz uobičajene članove ZaPisa Mario Padelin, Tihana Gambiraža, Andrea Malta,Robert Nezirović Igor Eškinja i Ivan Boško Habuš, predstavila su se i dva gosta, mladi neafirmirani zadarski pisci, pjesnik Ivan Gaćina te pjesnik i prozaist Želimir Periš, poznat po svojim lego stripovima.Slijedeći mjesec ZaPisovci će nastupiti u Novigradu, Domu za stare i nemoćne u Zadru, Benkovcu i Sv. Filipu i Jakovu.	http://www.zadarskilist.hr/clanci/11032011/zapis-ugostio-ivana-gacinu-i-zelimira-perisa	Književnost
26.03.2011.	 Callegro	Kreativni studio  Lumiere media	LUMIERE FILM FESTIVAL                                                                        26.ožujka, prvi put se održao Festival kratkoga filma u Zadru- Lumiere film festival u Callegru. Organizator je Lumiere media  a na festivalu će se prikazati deset kratkometražnih filmova iz raznih dijelova svijeta, različitih žanrova među kojima su i dva iz Zadra. Premijerno će se prikazati i film „Riječ jednog prolaznika“ u proizvodnji Lumiere media koja djeluje od 2009. Godine i okuplja mlade kreativce do 18 godina na području Zadra i Karlovca te realiziraju projekte u širokom spektru medijskih umjetnosti	http://www.znet.hr/2011/01/lumierovci-imaju-novi-film-maske/	Film          (kratkometražni film)
02.04.2011. (nisam sigurna)	Meštrović dvor na Zadarskom Bokanjcu	KUD 'Bleke i konji'	„NOCTURNO“ U IZVEDBI KUD-A BLEKE I KONJI                                   Zadrani su izvedbu Nocturna mogli pogledati prošlog ljeta tijekom manifestacije Zadar snova. Predstava je govorila o životu i događanjima u posljednjih 100 godina kroz četiri države. „Nocturno“ će ovog puta biti izveden u Meštrovića dvorima vjerojatno u nekom novom ruhu.	http://www.slobodnadalmacija.hr/Kultura/tabid/81/articleType/ArticleView/articleId/148824/Default.aspx http://www.zadarskilist.hr/clanci/02042011/nocturno-otvara-kazaliste-lutaka - 02.04.2011. 	Kazališna predstava ?
15.04. - 22.04.2011.	izložbena dvorana Državnog arhiva u Zadru 	Fotografska udruga 'Fotogard'	FOTOGARD' PREDSTAVLJA RADOVE 30 FOTOGRAFA                        15. travnja 2011. u Izložbenoj dvorani Državnog arhiva u Zadru održat će se svečano otvorenje prve zajedničke izložbe fotografija članova fotografske udruge Fotogard. Udruga je počela djelovati prije osam mjeseci i ovo je prvi javni projekt u kojem želi promovirati rad svojih članova. Ista izložba je bila postavljena u Zagrebu, a nakon Zadra će gostovati u Šibeniku i Sisku i Rovinju.	http://057info.hr/kultura/2011-04-12/fotogard-izlaze-u-zadru	Fotografija 
16.04.2011.	polukružna dvorana Teatra &td / Test Festival	Teatro VeRRdi u suradnji sa novomedijskom galerijom i Mavenom	EU PIONIR' U ZAGREBU                                                                                      U sklopu studentskog festivala Test 16. travnja 2011. gostovao je  je Teatro VeRRdi u suradnji sa novomedijskom galerijom i Mavenom sa projektom „EU pionir“ glazbenim performansom koji uspostavlja korelaciju između  ulaska u EU, nacionalne memorije kolektivnog identiteta i standarda produkcije umjetničkih djela unutar i izvan EU.	http://www.ezadar.hr/clanak/eu-pionir-na-testu-u-zagrebackom-itd-u http://testzg.weebly.com/teatar--theatre.html http://test.hr/arhiva-archive/test-2012/  	Glazbeni performans
22.04.2011.	Studentski klub 'Božo Lerotić' Zadar	Šigureca	4. ZADARSKA GITARIJADA                                                                               3. kvalifikacijski ciklus pod nazivom 'Za šaku metala'                   Nakon odgode zbog  poteškoća oko prostora, 22. travnja 2011. je ipak održan treći kvalifikacijski koncert u sklopu ovogodišnje Zadarske gitarijade u Studentskom klubu Božo Lerotić. Natjecali su se bendovi Imaginarium, Besthial, Dream-Hound, Omnious Omission, Inverter i hear them suffer. Glasovima publike pobjedu je odnio DreamHound.	http://www.ezadar.hr/clanak/za-saku-metala-22-travnja-u-studentskom-klubu http://www.057info.hr/zabava/2011-04-19/za-saku-metala-ovaj-petak-u-studentskom-klubu  	Glazba (koncert)
22.04.2011.	Foša Zadar	Zadarski plesni ansambl i Glazbena škola Blagoje Bersa zajedno sa udrugom Eko Zadar	PLESNI PERFORMANS „EKO ECHO“ POVODOM DANA PLANETE ZEMLJE I ROĐENDANA EKO ZADRA                                                  Povodom obilježavanja Dana planete zemlje, Zadarski plesni ansambl i Glazbena škola Blagoje Bersa zajedno su sa Udrugom Eko Zadar  održali plesni performans „Eko Echo“ inspiriran predivnim zadarskim ambijentom. Autorica projekta je Sanja Petrovski, a koreografi su svi sudionici performansa kojih je bilo 40.	http://www.ezadar.hr/clanak/performansom-na-fosi-odana-pocast-ljepotama-zadra-i-danu-planete-zemlje http://www.ezadar.hr/clanak/eko-zadar-reciklirajmo-zajedno http://www.znet.hr/2011/04/clanovi-zadarskog-plesnog-ansambla-i-glazbene-skole-blagoja-berse-zaplesali-u-fosi/ 	Plesni performans
29.04. - 01.05.2011.	Kutina	Kreativni studio  Lumiere media	LUMIERE MEDIA POTAKNULI FOTO DANE U KUTINI                             Foto dani mladih održavaju se od 29. travnja do 1. svibnja u Kutini, a jedan od ciljeva Foto dana je stvaranje kvalitetne turističke fotografije i zbližavanje mladih koje zanima ova suvremena umjetnost.	http://www.lumiere.com.hr/novosti/zavrsili-1-foto-dani-mladih/69.html http://www.ezadar.hr/clanak/pogledajte-kako-je-bilo-na-1-foto-danima-mladih http://www.tportal.hr/portalplus/teen/125782/Zavrsili-prvi-Foto-dani-mladih-u-Kutini.html 	Fotografija
29.4.2011.	Trg pet bunara Zadar	ne uspijevam pronaći, help	ŽESTOKA SVIRKA NA OTVORENOM                                                               29. travnja na Trgu pet bunara održan je koncert  četiri benda su održali koncert, tri zadarska i jedan splitski. Koncert je otvorio izvrsni DJ-MC duo braća Žura, poznatiji kao 'Shtemanje d.o.o.' sa svojom jednosatnom kombinacijom Industrial, EBM, Powernoize, Underground i srodne glazbe. Nastupli su redom: Stimulans iz Splita, E.N.D., Postolar Tripper i Rising dream.	http://www.ezadar.hr/clanak/rising-dream-postolari-e-n-d-i-stimulans-protresti-ce-trg-pet-bunara http://www.ezadar.hr/clanak/pet-bendova-zapalilo-trg-pet-bunara http://www.zadarskilist.hr/clanci/02052011/vracena-vjera-u-bolje-dane-underground-scene 	Glazba
30.04.2011.	plaža Zlatorog kraj Umaga / III Dernek	Kulturna udruga mladih „Fobija“ Umag je organiizator Festivala 'III Dernek'	TRN U OKO' NASTUPA U UMAGU                                                       Zadarski punk bend “Trn u oku“  nakon punih 11 godina  izbacio je novi album pod nazivom „Volim svoju trku…“ kojeg će predstaviti na III. Derneku koji će se održati na plaži Zlatorog kraj Umaga	http://www.057info.hr/zabava/2011-04-28/poziv-pankerima-na-umaski-dernek-za-1-maja http://www.ezadar.hr/clanak/trn-u-oku-na-trecem-derneku-kraj-umaga http://www.last.fm/event/1884219+Dernek+%233  	Glazba ?
07.05.2011.	Arsenal Zadar	Plesna udruga 'U pokretu'	BREAK DANCE TURNIR „NEW KIDZ ON THE BLOCK“                                  7. svibnja u Arsenalu održao se break dance turnir „New kidz on the block“ namijenjen osnovcima i mlađoj djeci  u organizaciji Plesne udruge „U pokretu“.	http://www.zadarskilist.hr/clanci/09052011/break-dance--natjecanje-u-arsenalu http://www.voxportal.hr/vijest/azra-martine-presents-te-zadarski-fotografi/9155.html 	Ples (breakdance)
19.05.2011.	brojne lokacije u Zadru	Teatro VeRRdi i Mavena	MEĐUNARODNA NOVOMEDIJSKA IZLOŽBA NA TEMU  „REVOLUTION NOW & FOREVER“                                              Novomedijska galerija je projekt kojeg su započeli Teatro VeRRdi i udruga Mavena iz Splita sa ciljem njegovanja novomedijskih sadržaja u Zadru.  19. svibnja performansom Selme Banich otvorena je međunarodna novomedijska izložba na temu „REVOLUTION NOW & FOREVER“, koja je u 10 dana predstavila 40 umjetnika i 21 umjetnički rad, u vidu performansa, glazbenih performansa, instalacija, intervencija u javnom prostoru, videoperformansa, filmova i dr.	http://www.ezadar.hr/clanak/hrvatska-narodna-predaja-selme-banich http://novine.novilist.hr/default.asp?WCI=Rubrike&WCU=285928602863285D2863285A28582859285928632893289D2894289C28632863285D285D285D285E285B286128632863286328582863T 	Novomedijska izložba
20.05.2011.	Kneževa palača Zadar	Šigureca	UDRUGA ŠIGURECA SLAVI 4.ROĐENDAN                                        Povodom 4. rođendana, Udruga „Šigureca“ priprema 20.svibnja nastup legendarnih Goblina, punk benda iz Šabca. Kao domaćini nastupiti će zadarske punk snage Tehnička Greška i Harald Blixen. Koncert će se održati u Providurovoj palači.	http://www.znet.hr/2011/04/udruga-sigureca-najavljuje-nastup-legendarnih-goblina/ http://www.zadarskilist.hr/clanci/23052011/vrhunska-punk-zabava 	Glazba (punk koncert)
21.05.2011.	parking', odnosno nekadašnja lokacija zgrade Zaraušek	Zadarski plesni ansambl, Šigureca, Artikultura i Zadar snova	PERFORMANS „ZVIZDAN ZARAUŠEK“ – ČUVAJMO MJESTA“ Održao se 21. svibnja na današnjem „parkingu“ nekadašnjoj lokaciji srušene zgrade Zaraušek. Akcija je upozorenje da atraktivni prostori grada Zadra već godinama šaptom padaju dok alternativna kultura i kultura mladih vapi za prostorom druženja i artikulacije. Parkirna mjesta zauzela je udruga Šigureca, Zadarski plesni ansambl, Artikultura i Zadar snova.	http://www.voxportal.hr/vijest/i-dalje-traje-nezadovoljstvo-rusenjem-zgrade-zarauschek/9893.html	 Performans 
25.05.2011.	Callegro Zadar	KUD 'Bleke i konji'	PREMIJERA FILMA 'OD BLEKE DO KONJA'                                                      U realizaciji KUD –a „Bleke i konji“ održana 25.svibnja u Callegru. Enio Meštrović predsjednik udruge, složio je film koji je snimljen tijekom tri poslijepodneva i bez napisanog scenarija	http://www.zadarskilist.hr/clanci/25052011/od-bleke-do-konja http://www.voxportal.hr/vijest/premijera-filma-od-bleke-do-konja-makeover/10081.html http://www.voxportal.hr/vijest/premijera-filma-od-bleke-do-konja-makeover/10081.html  	Film
27.05.2011.	Arsenal Zadar	valjda Arsenal ?	TRIBUTE TO AZRA-ATOMSKI SAT                                                         27.svibnja u Arsenalu grupa Atomski sat održala već nekoliko puta repertoarno isti koncert „Tribute to Azra“. Zadarska grupa Atomski sat su: Marko Nakić - Njake (vokal, ritam gitara), Mate Olić (solo gitara), Goran Sudar (bas gitara), Ivo Frleta (bubnjevi).	http://www.zadarskilist.hr/clanci/26052011/veceras-tribute-to-azra http://www.zadarskilist.hr/clanci/25052011/zadovoljstina-uz-atomski-sat http://www.tzzadar.hr/hr/dogadanja/koncerti/02-05-2011/tribute-to-azra  	Glazba
27.05.2011.	Studentski klub 'Božo Lerotić' Zadar	Šigureca	4. ZADARSKA GITARIJADA                                                                           Završni koncert Gitarijade 'Mixofonija'                                                      27. svibnja održan završni koncert Gitarijade – Mixofonijau organizaciji udruge Šigureca. Specijalni gosti su rock četvorka iz Zagreba „She Loves Pablo“.	http://www.znet.hr/2011/05/4-kvalifikacijska-vecer-zadarske-gitarijade-mixofonija/ http://www.muzika.hr/kalendar/dogadjanje/31535/mixofonija-zadarska-gitarijada-2011-she-loves-pablo-the-gofine-old-skull-bubbles-just-fine-copor-oz.aspx 	Glazba
07.06.2011.	HNK Zadar	Zadarski plesni ansambl	„VEČERAS PLEŠEMO“                                                                                           7. lipnja polaznici Plesnog studija  Zadarskog plesnog ansambla povodom završetka plesne godine izveli su plesni kolaž pod nazivom „Večeras plešemo“ pod vodstvom pedagoga i koreografa: Sanje Petrovski, Lare Stanin, Martine Ružić, Stošije Zrinski, Tee Kulaš i Stelle Rončević	http://www.ezadar.hr/clanak/morska-arija-i-divlja-dzungla-zadarskog-plesnog-ansambla http://www.zadarskilist.hr/clanci/07062011/rasplesano-kazaliste  	Plesna predstava
10. - 11.06.2011.	DHM Zadar	udruga FISTT u suradnji s Revijom amaterskog filma	FESTIVAL AMATERSKE KULTURE I KREATIVNOSTI                                   10 i 11 lipnja održao se FAKK kao rezultat inicijativa i ideja nekolicine zadarskih pojedinaca u suradnji s Revijom amaterskog filma i njihovog programa „R.A.F. putuje“ i udruge FISTT. U prostorijama zgrade Dhm-a održao se  Hand made sajam i kreativna radionica ručnog uveza i stencil arta pod vodstvom Bojana Kanižaja te bubnjarska radionica  Marka Borića. Prikazali su se i amaterski filmovi sa 10. RAF-a „Best of“ selekcija te održao Chillum – Far Out Sessions i koncert King Shango Soundsystem & Mc Big Oz.	http://www.zadarskilist.hr/clanci/11062011/zapoceo-festival-amaterske-kulture-i-kreativnosti http://www.znet.hr/2011/06/festival-amaterske-kulture-i-kreativnosti/ http://www.ezadar.hr/clanak/fakk-hand-made-sajam-u-duhu-kreativne-slobode http://www.ezadar.hr/clanak/sajam-bubnjevi-i-zavrsni-party-ovogodisnjeg-fakk-a 	Kreativna radionica, amaterski filmovi… ??
14.06.2011.	HNK Zadar	Zadarski plesni ansambl 	ZPA IZVEO PREDSTAVU 'TROPICAL SOCIETY'                                              U HNK Zadar Zadarski plesni ansambl prezentirao je predstavu „Tropical Society“ koreografkinje Stošije Zrinski i Ines Blažević. U sklopu predstave izveden je i „Lizard Solo“	http://www.tzzadar.hr/hr/dogadanja/kazaliste/13-06-2011/zadarski-plesni-ansambl-tropical-society http://www.ezadar.hr/clanak/zadarski-plesni-ansambl-tropical-society  	Plesna predstava
23. - 29.06.2011.	galerija ZadArt	ZadArt / umjetnici Dino Dević i Goran Knežević	OTVORENA IZLOŽBA DINA DEVIĆA I GORANA KNEŽEVIĆA                   U prostorijama ZadArta otvorena je izložba dvojice umjetnika iz Zadara- Dina Devića i Gorana Kneževića. Izložba nosi naziv „Slavni“ a objedinjuje portrete poznatih osoba. Dević stvara crteže hiperrealizma u olovci, a Knežević je oduševio na svjetskoj razini izrađujući portrete od željeza.	http://www.ezadar.hr/clanak/slavni-fuzija-portreta-u-galeriji-zadart-a http://www.zadarskilist.hr/clanci/24062011/porteti-slavnih--zeljezom-i-olovkom  	Slikarstvo
23. - 25.06.2011.	park Kapetanski	Udruga Šigureca, Studentski  zbor Sveučilišta u Zadru i osječka agencija Miga	JUMF FESTIVAL                                                                                              Glazbeni festival JUMF  se tri dana održavao na Kapetanskom u  zajedničkoj organizaciji  Udruge Šigureca, Studentskog  zbora Sveučilišta u Zadru i osječke agencije Miga.  Gosti festivala su bili Psihomodopop, Partibrekejrsi, Kawasaki 3P, Let 3, Dubioza kolektiv, te demo bendovi Rewolt, Apel fenomen i E.N.D., ali i Postolar Tripperi i Sexymotherfuckersi.	http://www.muzika.hr/clanak/31777/najave/prvi-jumf-festival-u-zadru.aspx http://www.voxportal.hr/fotogalerija/jumf-festival-23062011/296.html http://www.ezadar.hr/clanak/jumf-jader-urban-music-festival-23-do-25-lipnja-u-kapetanskom-parku http://www.zadarskilist.hr/clanci/24062011/booyroom-na-jumf-festival http://www.gitare.info/page.php?id=19019 http://www.057info.hr/zabava/2011-06-28/sigureca-zadar-je-dobio-urbani-festival-kakav-do-sada-nije-iskusio 	Glazba
26.06.2011.	Narodni trg Zadar	Plesna udruga 'U pokretu' u suradnji s  Udrugom apstinenata za pomoć pri resocijalizaciji Porat iz Zadra, Narodnim Sveučilištem Dubrave Zagreb i Domom kulture Služewsky iz Varšave, Poljska. Projekt promiče i internacionalnu suradnju te edukativni i volonterski aspekt. Pokrovitelji projekta su Grad Zadar, Zadarska Županija, Arsenal Zadar i Maraschino bar	PROJEKT „URBAN JAM 023“                                                                 26.lipnja na Narodnom trgu, povodom Međunarodnog dana borbe protiv ovisnosti predstavili su se članovi lokalnih plesnih skupina. Dio je to projekta „Urban Jam 023- hip hop a ne dop“. Bila je to prilika za prezentaciju naučenog na plesnim radionicama koje su se odvijale od 16. do 25. lipnja u osam raznih stilova urbanih plesova u plesnoj dvorani Plesne udruge In Flux na Ravnicama, koje su vodili plesači Sonic crew-a iz Varšave i pobjednici Battle time-a u Zagrebu.                                                                                                                            Program: 26.06. s početkom u 20.00 sati zabilježavamo međunarodni dan borbe protiv ovisnosti u sklopu programa Turističke zajednice grada Zadra na Narodnom Trgu. Program sačinjavaju plesne i glazbene izvedbe lokalnih plesnih skupina i glazbenih izvođača, plesno natjecanje za juniorsku kategortiju u stilovima hip hop i breakdance, kao i prikaz radionica učenika i voditelja.  27.6. u prijepodnevnim satima na Narodnom trgu, održava se plesni program u sklopu rada udruge Porat, Službom za prevenciju i izvanbolničko liječenje ovisnosti Zadar i Obiteljskog centra Zadarske županije. 09. i 10.07. održava se drugi dio projekta sa plesnim natjecanjima u kategorijama Hip hop parovi, kao i Breakdance crew i Breakdance pojedinci u Maraschino bar-u i Arsenalu u Zadru, nastupima Hip hop izvođača, te oslikavanje plesne dvorane Udruge IN FLUX sa grafitima. Program prati DJ Chill, najpopularniji hip hop DJ u Hrvatskoj. Na svim natjecanjima nazočni su iskusni i visoko kotirani inozemni i domaći suci. Pobjednicima se uručuju novčane nagrade 	http://www.ezadar.hr/clanak/pocele-pripreme-za-urban-jam-023-hip-hop-a-ne-dop http://www.ezadar.hr/clanak/veceras-urban-jam-023-hip-hop-a-ne-dop-na-narodnom-trgu http://www.057info.hr/vijesti/2011-06-26/veceras-urban-jam-023-hip-hop-a-ne-dop-na-narodnom-trgu http://www.057info.hr/zabava/2011-06-14/hip-hop-a-ne-dop-cetvro-izdanje http://www.zadarskilist.hr/clanci/17062011/glazbom-i-plesom--protiv-ovisnosti http://www.zadarskilist.hr/clanci/27062011/mani-dop-probaj-hip-hop http://www.voxportal.hr/vijest/plesom-i-glazbom-protiv-ovisnosti/11080.html 	Ples (hip-hop, breakdance)
26.06.2011.	Narodni trg Zadar		U SKLOPU PROJEKTA „URBAN JAM 023“ 26.lipnja na Narodnom trgu, povodom Međunarodnog dana borbe protiv ovisnosti, a u sklopu programa Turističke zajednice grada Zadra predstavili su se članovi lokalnih plesnih skupina. Dio je to projekta „Urban Jam 023- hip hop a ne dop“. Bila je to prilika za prezentaciju naučenog na plesnim radionicama koje su se odvijale od 16. do 25. lipnja u osam raznih stilova urbanih plesova u plesnoj dvorani Plesne udruge In Flux na Ravnicama, koje su vodili plesači Sonic crew-a iz Varšave i pobjednici Battle time-a u Zagrebu.                                                                                                                            Program: 26.06. s početkom u 20.00 sati zabilježavamo međunarodni dan borbe protiv ovisnosti u sklopu programa Turističke zajednice grada Zadra na Narodnom Trgu. Program sačinjavaju plesne i glazbene izvedbe lokalnih plesnih skupina i glazbenih izvođača, plesno natjecanje za juniorsku kategortiju u stilovima hip hop i breakdance, kao i prikaz radionica učenika i voditelja.  27.6. u prijepodnevnim satima na Narodnom trgu, održava se plesni program u sklopu rada udruge Porat, Službom za prevenciju i izvanbolničko liječenje ovisnosti Zadar i Obiteljskog centra Zadarske županije. 09. i 10.07. održava se drugi dio projekta sa plesnim natjecanjima u kategorijama Hip hop parovi, kao i Breakdance crew i Breakdance pojedinci u Maraschino bar-u i Arsenalu u Zadru, nastupima Hip hop izvođača, te oslikavanje plesne dvorane Udruge IN FLUX sa grafitima. Program prati DJ Chill, najpopularniji hip hop DJ u Hrvatskoj. Na svim natjecanjima nazočni su iskusni i visoko kotirani inozemni i domaći suci. Pobjednicima se uručuju novčane nagrade 		
26.06.2011.	Narodni trg Zadar		U SKLOPU PROJEKTA „URBAN JAM 023“ 26.lipnja na Narodnom trgu, povodom Međunarodnog dana borbe protiv ovisnosti, a u sklopu programa Turističke zajednice grada Zadra predstavili su se članovi lokalnih plesnih skupina. Dio je to projekta „Urban Jam 023- hip hop a ne dop“. Bila je to prilika za prezentaciju naučenog na plesnim radionicama koje su se odvijale od 16. do 25. lipnja u osam raznih stilova urbanih plesova u plesnoj dvorani Plesne udruge In Flux na Ravnicama, koje su vodili plesači Sonic crew-a iz Varšave i pobjednici Battle time-a u Zagrebu.                                                                                                                            Program: 26.06. s početkom u 20.00 sati zabilježavamo međunarodni dan borbe protiv ovisnosti u sklopu programa Turističke zajednice grada Zadra na Narodnom Trgu. Program sačinjavaju plesne i glazbene izvedbe lokalnih plesnih skupina i glazbenih izvođača, plesno natjecanje za juniorsku kategortiju u stilovima hip hop i breakdance, kao i prikaz radionica učenika i voditelja.  27.6. u prijepodnevnim satima na Narodnom trgu, održava se plesni program u sklopu rada udruge Porat, Službom za prevenciju i izvanbolničko liječenje ovisnosti Zadar i Obiteljskog centra Zadarske županije. 09. i 10.07. održava se drugi dio projekta sa plesnim natjecanjima u kategorijama Hip hop parovi, kao i Breakdance crew i Breakdance pojedinci u Maraschino bar-u i Arsenalu u Zadru, nastupima Hip hop izvođača, te oslikavanje plesne dvorane Udruge IN FLUX sa grafitima. Program prati DJ Chill, najpopularniji hip hop DJ u Hrvatskoj.  		
01.07.2011.	galerija ZadArt	udruga ZadArt / klub 'CroArtPhoto' 	IZLOŽBA CROARTPHOTO                                                                           Fotogrupa „ZADART“ ugostila je 1. srpnja fotografe „CroArtPhoto“ kluba iz Zagreba, a među njima i nekoliko vrhunskih imena hrvatske fotografije (Pervan, Senčar, Klarica, Braut, Mavar, Reberša). Na izložbi sudjeluju i Bonačić i Vulić, a kao rezultat izložbe bit će i uzvratna izložba „Zadarart“ fotogrupe u Zagrebu krajem godine, gdje će se  prezentirati kultura i ljepote zadarske županije kroz objektive zadarskih fotografa. Fotografije izlažu: Željko Krčadinac, Željko Novaković, Vesna Špoljar, Branka Primorac, Robert Ravnić, Ognjen Karabegović, Aleksandar Bonačić, Goran Vogrin, Vlasta Štalekar, Nenad Reberšak, Ivan Balić Cobra, Ivica Trubić, Miljenko Vojta, Vladimir Šimunić, Andrea Solar, Vesna Đukić, Tomislav Dolovčak, Sanja Orozović, Sabina Kaštelančić, Ante Kostanjki, Luka Marotti, Jerolim Vulić, Livio Andrijić, Marija Braut, Radiša Mladenović, Ivo Pervan, Josip Klarica. 	http://www.ezadar.hr/clanak/vrsni-fotografi-izlazu-u-galeriji-zadart http://www.zadarskilist.hr/clanci/02072011/legende-hrvatske--fotografije-u-zadru  	Fotografija
06.07.2011.	caffe bar Zodiak	Šigureca	FLASHBACK JUMF PARTY U ZODIAKU                                                     Udruga Šigureca je tjedan dana  nakon uspješnog trodnevnog festivala organizirala tematsku slušaonicu svih bendova koji su nastupili na festivalu te video projekcije njihovih live nastupa.	http://www.ezadar.hr/clanak/jumf-flashback-party-6-srpnja-u-caffe-baru-zodiac	Multimedija ?
08.07.2011.	klub Boogaloo Zagreb		TRN U OKU U BOOGALOO U                                                                      8.srpnja nastupit će u Zagrebačkom Boogaloo klubu kao predgrupa bendu Anti Nowhere League.	http://www.voxportal.hr/vijest/trn-u-oku-nastupa-u-zagrebackom-klubu-boogaloo/11818.html	Glazba (punk koncert)
16.07.2011.	Atrij Kneževe palače	Dragon teatar	PUBLICI PREMIJERNO PREDSTAVLJENI 'ANĐELI BABILONA' 16.07.2011. zadarskoj publici Dragon Teatar je premijerno prikazao predstavu „Anđeli Babilona“ autora Mate Matišića. Nepismeni gradonačelnik bio je dobar temelj za nasmijati publiku a uloge tumače: Milan Stošić –Miočić, Matija Kezele, Miro Pucar, Marija Kolb i Mimi Zadarski.Režiju potpisuje Maja Šimić,  dizajn zvuka Tihomir Franov, scenografiju Marija Jevtić.   Gostovanja Dragon teatra po našoj županiji nastavljaju se i u kolovozu - "Anđeli Babilona" su 12. kolovoza predstavljeni u Karinu, 14. u Svetom Filip i Jakovu, 15. na Silbi, 18. na Pašmanu i 23. na Tkonu     	http://www.zadarskilist.hr/clanci/27072011/buza-u-salima http://www.zadarskilist.hr/clanci/23072011/u-nedjelju-andeli-babilona-utorak-buza	Kazališna predstava
18.07.2011.	Atrij Kneževe palače	Dragon teatar	PREDSTAVA 'BUŽA'  osim u  Zadru gostuje u Zadarskoj županiji, pa je  6. kolovoza "Buža" gostovalau Kalima, 7. na Ižu, 9. na Ugljanu		
22.07.2011.	galerija ZadArt	udruga ZadArt	HRVATSKA IZ ZRAKA                                                                                   Udruga ZadArt ugostila je Nenada Reberšaka i njegovu izložbu „Hrvatska iz zraka“. Autor je izložio pedesetak fotografija Republike Hrvatske iz zraka koje su samo isječci iz kolekcije koju je, kako kaže stvarao sedam godina. Više od 30 godina se bavi fotografijom, a dobitnik je i mnogih nagrada na državnoj i međunarodnoj razini.	http://www.ezadar.hr/clanak/otvorenje-izlozbe-nenada-rebersaka-u-galeriji-zadart http://www.ezadar.hr/clanak/hrvatska-iz-zracne-perspektive-nenada-rebersaka  	Fotografija
01. - 20.08.2011.	Gradska knjižnica Zadar	Fotografska udruga Fotogard 	IZLOŽBA SKUPINE FOTOGARD                                                                           U Gradskoj knjžnici Zadar, od 01. do 20. kolovoza  Fotogard predstavlja izložbene radove svojih članova. Uz druženje i obavezne razgovore o fotografiji, za svoje članove uskoro će početi organizirati predavanja velikih hrvatskih fotografa.	http://www.zadarskilist.hr/clanci/09082011/drazevic-u-zadru-se-cijeni-razvikano-ime-a-ne-autorski-rad  	Fotografija
					
08.08.2011.	Ul. Borelli 3, Zadar	Zadar snova	MEĐUNARODNI FESTIVAL ZADAR SNOVA (08. -14.08.2011.)  Čehov: Tri sestre, I. čin Doručak u 12  (koreodrama, radionica) Red. Kor. Jasna Frankić Brkljačić                                                                    08.08. u starinskom dvorištu ispred galerije Morsky  službeno je započela manifestacija „Zadar snova“. Prvi u nizu projekta je koreodrama „Tri sestre“ prema djelu A.P: Čehova u režiji i koreografiji Jasne Frankić Brkljačić. Kostimografiju potpisuje Maja Šarić ban, svjetlo Ivo Nižić. 	http://www.ezadar.hr/clanak/veceras-na-zadru-snova-mini-teater-i-kazaliste-bulic http://www.057info.hr/kultura/2011-08-01/zadar-snova-otvara-zadarska-nezavisna-scena-koja-jos-sanja-svoje-mjesto-u-gradu http://www.ezadar.hr/clanak/doruckom-u-12-zapoceo-zadar-snova http://www.voxportal.hr/vijest/manifestacija-zapocela-prvim-cinom-koreodrame-tri-sestre/13768.html http://www.znet.hr/2011/08/tri-sestre-otvaraju-zadar-snova/ 	Kazališna predstava
08.08.2011.	Sv. Dominik	Zadar snova	MEĐUNARODNI FESTIVAL ZADAR SNOVA (08. -14.08.2011.)             U biti, Zadar, Hrvatska:  Decipula (crossover, premijera) Red. Vjerica Vidov │ Aut. Perf. Iva Burčul, Marta Musap, Vedran Miočić Stošić – Gumeni                                                                                 Ubrzo nakon  premijere na Zadru snova  prikazana je i prva repriza  zadarske predstave "Decipula". Predstava traje svega 30  minuta, a svojevrsni je kolaž  glazbe, plesa i efekata. Troje  umjetnika: Iva Burčul  (ples), Marta Musap (glas) i  Vedran Miočić Stošić-Gumeni, kreću u istraživanje  onih zajedničkih, univerzalnih mjesta koja kopkaju suvremenog čovjeka. 	http://www.ezadar.hr/clanak/decipula-premijerno-na-zadru-snova http://www.ezadar.hr/clanak/sv-dominik-decipula http://www.voxportal.hr/vijest/decipula--glazbeno--scenski-performans-koji-spaja-nespojivo/13686.html http://www.zadarskilist.hr/clanci/20092011/vjera-vidov-u-decipulu-sam-pretocila-svoje-emocije http://www.zadarskilist.hr/clanci/16092011/predstava-razumljiva-svakom-gledatelju 	Novomedijska predstava
08.08.2011.	Sv. Donat	Zadar snova	MEĐUNARODNI FESTIVAL ZADAR SNOVA (08. -14.08.2011.) Zadarski plesni ansambl, Zadar, Hrvatska: Tri Marije hojěhu  (suvremeni ples) Kor. Sanja Petrovski │Perf. Martina Ružić, Nikolina Dolfić, Tea Kulaš, Stella Rončević, Sanja Petrovski Inspiraciju novoj plesnoj priči, koreografkinja i autorica Sanja Petrovski pronalazi u pjesmi „Tri Marije Hojehu“ zabilježenoj na zadrskom području u 16.stoljeću. Plesno oslikavanje starohrvatskog pisma autorica bazira na Labanovoj metodi suvremenog plesa. Predstavom se obilježava 20 godina postojanja ansambla a sam program održao se u sklopu manifestacije Zadar snova	http://www.ezadar.hr/clanak/zadarski-plesni-ansambl-predstavio-tri-marije-hojehu	Predstava suvremenog plesa
08.08.2011.	Sv. Donat	Zadar snova	MEĐUNARODNI FESTIVAL ZADAR SNOVA (08. -14.08.2011.)  REVIJA KRATKOG FILMA                                                                             Hrvatski kratki film: Što je ljubav  Kurvo! │Red. Sonja Tarokić │2011 │ 25' Nina, molim te │ Red.Barbara Vekarić │ 2010 │ 14' Prvi put │Red.Neven Dužanec │ 2010 │ 5' Room Service │ Red. Neda Radić │ 2011 │ 15' Sretan rođendan, Marija │ Red.Ivana Škrabalo │ 2011 │ 15' Takav ti je život │ Red.Saša Dodik │ 2010 │ 17' 		
09.08.2011.	Sv. Dominik	Zadar snova	MEĐUNARODNI FESTIVAL ZADAR SNOVA (08. -14.08.2011.)          Mini Teater, Ljubljana, Slovenija, Kazalište Hotel Bulić, Zagreb, Hrvatska:  Ma and Al Redatelj Ivica Buljan Izvođači Senka Bulić, Marko Mandić                                                                                                                     Prema tekstovima Bernard-Marie Koltèsa i J. D. Salingera Glazba Mitja Vrhovnik-Smrekar Kostimi Ana Savić-Gecan Scenografija Slaven Tolj Glazbenik Tomislav Vedrina Produkcija Mini Teater, Ljubljana, Slovenija, Kazalište Hotel Bulić, Zagreb, Hrvatska, Trajanje 60'  "Ma and Al" nastaje prema tekstovima Koltèsove drame prvijenca Sallinger (1977) i novelama J. D. Salingera o obitelji Glass. Tri zasebna monologa-perfomansa funkcioniraju kao cjelina u kojoj glumci izmjenično igraju likove iz novele i kazališnog komada.  	http://www.ezadar.hr/clanak/veceras-na-zadru-snova-mini-teater-i-kazaliste-bulic http://www.057info.hr/kultura/2011-08-09/ma-and-al-u-crkvici-sv-dominika 	Novomedijska predstava ??
09.08.2011.	Ul. Borelli 3, Zadar	Zadar snova	MEĐUNARODNI FESTIVAL ZADAR SNOVA (08. -14.08.2011.)  Čehov: Tri sestre, II čin Maškare / III čin Požar (koreodrama, radionica) Red. Kor. Jasna Frankić Brkljačić  		
09.08.2011.	Ul. Borelli 3, Zadar	Zadar snova	MEĐUNARODNI FESTIVAL ZADAR SNOVA (08. -14.08.2011.) Čehov: Tri sestre, IV. čin Sapunica (koreodrama, radionica) Red. Kor. Jasna Frankić Brkljačić 		
09.08.2011.	Sv. Donat	Zadar snova	MEĐUNARODNI FESTIVAL ZADAR SNOVA (08. -14.08.2011.)  REVIJA KRATKOG FILMA                                                                               Hrvatski kratki film: Odlasci   Prva! │ Red. Silva Ćapin │2011 │ 8' Visibabe │Red. Ivica Mušan │ 2010 │ 19' Uspavanka │Red. Jadran Puharić │2010 │ 18' Zima │ Red. Denis Lepur and Marko Stanić │2011 │ 15' Zagorski specijalitet │Red. David Kapac │2011 │4 		
10.08.2011.	Sv. Dominik	Zadar snova	MEĐUNARODNI FESTIVAL ZADAR SNOVA (08. -14.08.2011.) Kraljevsko pozorište Zetski dom, Cetinje, Crna Gora: Rozamunda (postdramsko kazalište) prema Drame princeza: Djevojka i smrt, Elfriede Jelinek Red. Senka Bulić │Perf. Tihana Ćulafić, Marinko Leš Rozamunda je treći dramolet iz ciklusa „Drame princeza“. Glavne uloge igraju Tihana Ćulafić i Marinko Leš, u trajanju od 60 minuta prikazali su svu sirovost i seksualnost svog odnosa. Režiju potpisuje Senka Bulić,a scenografiju Tomislav Ćurković.	http://blog.vecernji.hr/iva/2011/08/12/rozamunda-%E2%80%93-seksualnost-i-nerealizirana-tekstualnost/ http://www.ezadar.hr/clanak/veceras-rozamunda-senke-bulic http://www.benkovacdanas.hr/clanak/kultura/kazaliste/Poigravanje-seksualnim-motivima/402 http://danas.net.hr/kultura/najnoviju-pricu-senke-bulic-ne-biste-trebali-propustiti 	
10.08.2011.	Sv. Donat	Zadar snova	MEĐUNARODNI FESTIVAL ZADAR SNOVA (08. -14.08.2011.)  REVIJA KRATKOG FILMA                                                                            Hrvatski kratki film: Erotske igre  Igra tucanja | Red. Josip Žuvan | 2010 | 7' Igra tucanja | Red. Daina Oniunas Pusić | 2009 | 14' Adieu, N | Red. Barbara Vekarić | 2011 | 14' Zimica | Red. Hana Jušić | 2011 | 10' Mi na suncu | Red. Neda Radić | 2011 | 7' Igra tucanja | Red. David Kapac | 2009 | 6'  Strejt pul | Red. Filip Šovagović | 2011 | 12' Samo smo se poljubili | Red. Kristina Vuković | 2011 | 12' 		
11.08.2011.	Forum Zadar	Zadar snova	MEĐUNARODNI FESTIVAL ZADAR SNOVA (08. -14.08.2011.)    Selma Banich, Zagreb, Hrvatska:  Hrvatica(performans) 	http://www.zadarskilist.hr/clanci/09082011/za-svakog-ponesto	Performans
11.08.2011.	Forum Zadar	Zadar snova	MEĐUNARODNI FESTIVAL ZADAR SNOVA (08. -14.08.2011.)          Via Negativa, Ljubljana, Slovenija:  Miting istine  (javni cabaret, premijera) Aut. Perf. Boris Kadin │Umj. dir. Bojan Jablanovec  U sklopu manifestacije Zadar Snova ispred crkve sv. Donata izveden je performans „Rad Via Negative“. „Miting Istine“ je svojevrsni crni cabaret, posveta svim ovcama zbog kojih smo danas to što jesmo.	http://www.voxportal.hr/vijest/miting-istine-okupio-brojne-posjetitelje/13988.html http://www.zadarskilist.hr/clanci/13082011/kako-je-boris-postao-doris http://www.culturenet.hr/default.aspx?id=39009 	
11.08.2011.	galerija ZadArt	udruga ZadArt / zadarski fotograf Jerolim Vulić	JEROLIM VULIĆ IZLAŽE „OTKRIVANJE“                                                            U prostorijama Udruge „ZadArt“  od 11. kolovoza svoje fotografske radove izlaže zadarski fotograf Jerolim Vulić. Vulić se javnosti predstavlja prvom izložbom u Salima s još četvoricom fotografa okupljenih pod nazivom „5.exe“ čiji je zajednički nazivnik nekonvencionalno izlaganje fotografija. 	http://www.ezadar.hr/clanak/otkrivanje-jerolima-vulica-u-zadartu http://www.zadarskilist.hr/clanci/13082011/otvorena-izlozba-fotografija-jerolima-vulica  	Fotografija
11.08.2011.	Sv. Donat	Zadar snova	MEĐUNARODNI FESTIVAL ZADAR SNOVA (08. -14.08.2011.)     REVIJA KRATKOG FILMA                                                                             Kratki su bitni - Filmovi nominirani za nagradu Europske filmske akademije    Tussilago│Švedska │animacija │2010 │ 14′ Lumikko│ Mala snježna životinja│ Finska│ dokumentarni│ 2009 │ 19′ Venus vs Me│ Venera protiv mene │Belgija │igrani │ 2009 │ 27′ Blijf Bij Me, Weg│ Ostani podalje│ Nizozemska│igrani│2009 │ 24' Rendez Vous A Stella-Plage│ Sastanak u Stella-Plageu│ Francuska│igrani│2009 │ 18′ 		
12.08.2011.	Sv. Dominik	Zadar snova	MEĐUNARODNI FESTIVAL ZADAR SNOVA (08. -14.08.2011.)         Orian Theatre, Pariz, Francuska:  Beckett (fizičko kazalište) prema monodrami “Krappova posljednja vrpca“, Samuela Becketta  Red. Perf. Mehdi Farajpour U crkvi sv.Dominika gostovao je Orien teatar iz Pariza sa predstavom „Krappova posljednja vrpca“ prema djelu 'Krappova posljednja vrpca' majstora drame Nobelovca Samuela Becketta. 	http://www.ezadar.hr/clanak/pariski-orion-teatar-u-zadru-postavlja-becketta http://www.voxportal.hr/vijest/orien-teatar-i-teatar-a-part-zatvorili-festival/14110.html 	
12.08.2011.	Sv. Donat	Zadar snova	MEĐUNARODNI FESTIVAL ZADAR SNOVA (08. -14.08.2011.) , REVIJA KRATKOG FILMA                                                                                 EFA: Kratki su bitni 2  Ampelmann │ Semafor│ Njemačka │igrani │ 2009 │ 14′ María’s Way │ Marijin način │UK, Španjolska│dokumentarni │2009 │ 16′ Itt Vagyok│Evo me │Hungary │igrani│2010 │ 36′ Ønskebørn │ Iz ljubavi│Danska│ dokumentarni│2009 │ 29′ Les Escargots De Joseph │ Josephovi puževi │Francuska │animacija │2009 │ 12′ 		
13.08.2011.	Sv. Dominik	Zadar snova	MEĐUNARODNI FESTIVAL ZADAR SNOVA (08. -14.08.2011.)   Teatar A Part, Katowice, Poljska:  Klepsydra  (fizičko kazalište) Red. Marcin Herich │Koaut. Perf. Monika Wachowicz Teatr A Part stvara autorske projekte metodom vizualnog pripovijedanja. "Klepsydra" je intimni solo u senzibilnoj izvedbi Monike Wachowicz, spoju poezije tijela, gesti i emocija. "Klepsydra" je portret tridesetogodišnje žene, ilustracija boli, patnje i nepodnošljive samoće. Njeno je tijelo tek komad mesa oko beživotnog srca. Njena duša traži svoje utočište među Zaboravljenima.	http://www.monitor.hr/clanci/zadnja-vecer-zadra-snova/160772/ http://www.ezadar.hr/clanak/klepysdra-veceras-u-crkvi-sv-dominika 	
13.08.2011.	Sv. Donat	Zadar snova	MEĐUNARODNI FESTIVAL ZADAR SNOVA (08. -14.08.2011.)    REVIJA KRATKOG FILMA                                                                               EFA: Kratki su bitni 3  Talleres Clandestinos │Austrija, Argentina │igrani│2010 │ 40′ Hanoi - Warszawa │ Hanoi – Varšava│Poljska │igrani│2009 │ 30′ Diarchia │ Dijarhija │ Italija│igrani │2010 │ 20′ Amor │Norveška │ igrani │2009 │ 14′ The External World │ Vanjski svijet │Njemačka │ animacija │2010 │ 15′ 		
13.08.2011.	Trg mudrosti, Diklo	Udruga za promicanje kulture Ružarica Diklo	KONCERT GRUPE BULLEUTHERION                                                      Povodom završetka manifestacije „Dani Dikla“  13.08. koncert je održala metal rock grupa Bulleutherion u organizaciji Udruge za promicanje kulture Ružarica-Diklo.	http://www.ezadar.hr/clanak/pocinju-dani-dikla-2011	Glazba
13.08.2011.	Trg pet bunara, Zadar	Šigureca	NASTUP BENDA THE BOUNCING SOULS                                                         U organizaciji udruge Šigureca 13.08. na Trgu pet bunara nastupili su članovi legendarnog punk rock sastava The Bouncing souls iz New Jerseyja. Kao predgrupe na ovom koncertu nastupila su dva zadarska benda sa alternativne scene- Rewolti i Crasso de Odio.	http://www.ezadar.hr/clanak/warm-up-party-prije-koncerta-the-bouncing-souls http://tzzadar.hr/hr/dogadanja/koncerti/29-06-2011/the-bouncing-souls 	Glazba
14.08.2011.	HNK Zadar	Zadar snova	MEĐUNARODNI FESTIVAL ZADAR SNOVA (08. -14.08.2011.) Santasangre, Rim, Italija: OTKAZANO Seigradi (crossover) Autori Diana Arbib, Luca Brinchi, Maria Carmela Milano, Dario Salvagnini, Pasquale Tricoci, Roberta Zanardo │Perf. Roberta Zanardo                                                                                                             Udruga Zadar snova izvijestila je javnost o otkazivanju posljednjeg programa ovogodišnjeg festivala. Budući da je Hrvatsko narodno kazalište zbog odluke o početku radova u dvorani otkazala dogovoreni najam za dvoranu, udruga je bila prisiljena izvijestiti javnost o raskidanju ugovora na štetu festivala i građana. 	http://www.kupus.net/hologramima-ulaz-zabranjen/http://www.hrt.hr/index.php?id=ispis&tx_ttnews[tt_news]=126109&cHash=b92ae877c5 http://www.057info.hr/kultura/2011-08-12/zadar-snova-bez-finala 	
15.08.2011.	ostatci crkve Stomorica Zadar	Šigureca	GLAZBENA JUTRA- OVE GODINE ODRŽAN JE SAMO JEDAN KONCERT                                                                                                      15.kolovoza održan je jedini koncert u ostacima crkve „Stomorica“, riječ je o zadarskom bendu Pacific Bullets koji izvodi r'nr', rockabilly, rhythm 'n' blues i rock obrade odnosno glazbu 50-ih i 60-ih godina prošlog stoljeća	http://www.ezadar.hr/clanak/nastavljaju-se-glazbena-jutra-u-stomorici http://www.voxportal.hr/vijest/pacific-bullets-u-stomorici/14095.html http://www.znet.hr/2011/08/glazbena-jutra-od-15-8/ http://www.zadarskilist.hr/clanci/17082011/napravljen-je-dobar-susur-i-sad-cekaju-bolje-dane  	Glazba
16.08.2011.	Izložbeni prostor Muzeja grada	udruga ArtForum	INTERKUKLTURALNA ART PROMOCIJA                                           16.kolovoza u izložbenom prostoru Muzeja grada, zadarskoj javnosti predstavljena je u svom petom sazivu likovna izložba INTERKULTURALNA-ART-PROMOCIJA-ZADAR-2011. Uz autore iz različitih gradova svojim likovnim ostvarenjima predstavljaju i brojni umjetnici iz različitih država svijeta što korespondira s idejom kulturalnosti . Na izložbi izlaže sveukupno 26 umjetnika i umjetnica.	http://www.zadarskilist.hr/clanci/13012011/pred-nama-je-peta-jubilarna--interkulturalna-art-promocija http://www.ezadar.hr/clanak/boris-zuza-art-promocija-zadar-povezuje-umjetnike-i-iskazuje-univerzalnost-ljudske-i-esteticke-poruke http://www.ezadar.hr/clanak/art-promocija-zadar-2011-estetika-istinskih-vrijednosti-umjetnickih-dusa http://www.voxportal.hr/vijest/interkulturalna-art-promocija-u-zadru/13959.html http://www.zadarskilist.hr/clanci/29122011/zuza-s-interkulturalnom-art-promocijom-upoznali-smo-siru-javnost http://www.zadarskilist.hr/clanci/29112011/interkulturalna-art-promocija-u-zagrebu  	Slikarstvo
18.08.2011.			REWOLTI SPOTOM NAJAVILI IZLAZAK ALBUMA                             Zadarski melody punk-rock bend rewolti su započeli snimanje svog prvog spota koji najavljuje izlazak novog albuma. Bend čine Tomislav Jerak, Marko Lovrinov, Damir Medić, Marko Kalanj i Sebastian Jerolimov. 	http://www.voxportal.hr/vijest/rewolti-spotom-najavili-izlazak-albuma/14263.html	Glazba
25. i 26.08.2011	ispred zgrade Kazališta lutaka	Teatar VeRRdi	TEATRO VERRDI - KRAĐA IDENTITETA                                                      Ispred nove zgrade Kazališta lutaka izvedena je premijera predstave „Krađa identiteta“ u produkciji Teatra Verrdi. Riječ je o predstavi koja je napravljena za Zadar Film Festival koju je osmislio i režirao kanadski režiser Michael Devine. „Krađa identiteta/identity theft“  je crna komedija koja ujedinjuje predstavu uživo i multimediju a u ulogama su: Jelena Karoglan, Sanja Zalović, Ivana Jenjić, Martina Rajzl, Ana Kolega, Miro Pucar, i Milan-Miočić Stošić. Vizualni identitet predstave potpisuje Tomislav Bišćan, a tehničko oblikovanje Tomislav Kraljević Shome.	http://www.zadarskilist.hr/clanci/25082011/borba-za-vlastiti-identitet http://www.zadarskilist.hr/clanci/05102011/tesko-mi-je-jer-volim-polako-pripremati-i-graditi-ulogu http://www.ezadar.hr/clanak/krada-identiteta-moderna-predstava-u-staroj-gradskoj-jezgri http://www.ezadar.hr/clanak/veceras-premijera-predstave-krada-identiteta http://www.ezadar.hr/clanak/predstava-krada-identiteta 	Multimedijalna kazališna predstava
29. – 30.08.2011	Sv, Dominik	Zadarski plesni ansambl	MONOPLAY                                                                                                                   Dugo najavljivani festival solo plesa održan je u sv. Dominiku kao jedini festival ovoga tipa. Predstavilo se 13 plesača kroz dva dana festivala. Prvu večer plesali su plesači zadarske nezavisne scene, a skupina De facto sa predstavom „Love will tear us apart“. Na kraju festivala je održana premijera predstave „Solo One“ autorice Natali Radelić, kojoj je ovo prvi nastup u Hrvatskoj.	http://www.ezadar.hr/clanak/monoplay-moc-tijela-u-pokretu http://www.zadarskilist.hr/clanci/31082011/vitalnost-i-razvoj-zadarske-plesne-scene http://www.voxportal.hr/vijest/zavrsen-ovogodisnji-festival-solo-plesa-monoplay/14910.html http://www.voxportal.hr/vijest/zapoceo-monoplay-festival-plesnog-sola/14827.html http://www.tzzadar.hr/hr/dogadanja/festivali/24-08-2011/monoplay-3-festival-sola http://www.plesnascena.hr/index.php?p=article&id=1349 	Suvremeni ples (Festival plesnog sola)
09.09.2011.	Dvorište Kazališta lutaka	Šigureca	RAKURS 5 PRVA IZLOŽBA NAKON LJETNE STANKE                                   Na otvorenju prve izložbe nakon ljetne stanke teme su bile „Hitchok hommage“ i „Pin-up 21. Stoljeća“. Posjetitelji isključivo na otvorenju mogu vidjeti radove koje su poslali fotografi koji su se izrazili na zadanu temu.	http://www.ezadar.hr/clanak/rakurs-5-s-posvetom-hitchcocku-i-pin-upu-21-stoljeca http://www.zadarskilist.hr/clanci/14032011/zaustavljene-ekspresije-ozivjele-zidove-grada 	Fotografija
14.09.2011.	Dvorište Kneževe palače	Redateljica Vjera Vidov	DECIPULA PONOVNO U KNEŽEVOJ PALAČI                                           Kazališna skupina „U biti“ koja djeluje zajedno sa Teatrom Verrdi tijekom manifestacije  Zadar snova premijerno je igrala predstavu „Decipula“. Predstava je režijski prvijenac glumice Vjerice Vidov u  kojoj se isprepliće punk glazba sa suvremenim plesom i opernim pjevanjem. U predstavi glume Vedran Miočić-Stošić, Iva Burčul i Marta Musap.	http://www.zadarskilist.hr/clanci/16092011/predstava-razumljiva-svakom-gledatelju http://www.ezadar.hr/clanak/sinergija-opere-plesa-i-punkahttp://www.voxportal.hr/fotogalerija/predstava-decipula/424.html http://www.ezadar.hr/clanak/veceras-decipula-teatra-verrdi-u-knezevoj-palaci http://www.zadarskilist.hr/clanci/12092011/prva-repriza-decipule-u-knezevoj-palaci http://www.zadarskilist.hr/clanci/20092011/vjera-vidov-u-decipulu-sam-pretocila-svoje-emocije 	Multimedijalna kazališna predstava ?
17.09.2011.	Kneževa palača	Šigureca	NASTUP  LEUT MAGNETIKA                                                                                 U organizaciji udruge Šigureca,  17. rujna u Kneževoj palači nastupio je sastav Leut Magnetik i to nakon trogodišnje stanke u aktivnom djelovanju. Leut Magnetik je elektro-punk-pop iza kojeg su dva nosača zvuka od kojih je jedan 2006. Dobio nagradu Porin u kategoriji najboljeg albuma urbane glazbe.	http://www.ezadar.hr/clanak/leut-magnetik-16-rujna-u-zadru http://www.voxportal.hr/vijest/leut-magnetik-nastupio-pred-zadranima/15702.html http://www.zadarskilist.hr/clanci/19092011/leut-magnetik-predstavio-novi-materijal http://www.zadarskilist.hr/clanci/10092011/umjetnicki-program-za--popularizaciju-arhitekata  	Glazba
22.09.2011.	caffe bar Jazz Va	caffe bar Jazz Va ?	“Jazzva” posvećuje večer poeziji Đorđe Balaševića 	http://www.ezadar.hr/clanak/jazzva-posvecuje-vecer-poeziji-dorde-balasevica	Književnost
29.09.2011.	caffe bar Jazz Va		DRUŽENJE UZ STIHOVE ARSENA DEDIĆA                                                       29. rujna ljubitelji poezije su se okupili u caffe baru „Jazz Va“ na večeri poezije. Osim  večeri poezije četvrtkom,  s ciljem promocije mladih pjesnika, utorkom navečer održavat će se „Kada doše mojih pet minuta, sat stane“, a upravo će Želimir Periš biti prvi koji će se predstaviti sa svojim radovima.	http://www.ezadar.hr/clanak/jazz-va-voli-arsena	Književnost
05.10.2011.	caffe bar Kantun	Vinko Barić	PROMOCIJA KNJIGE „HRVATSKI PUNK I NOVI VAL 1976-1987               05. listopada održana je promocija knjige Vinka Barića prema odabiru autora u caffe baru Kantun u Varoši.Knjiga je iscrpno djelo u kojem je detaljno prikazana era hrvatskog punka i novog vala u navedenom razdoblju zajedno s opisnim biografijama 125 poznatih i manje poznatih lokalnih bendova.	http://www.ezadar.hr/clanak/punk-i-novi-val-kako-ga-vidi-vinko-baric http://www.ezadar.hr/clanak/vinko-baric-punk-nije-mrtav http://blog.vecernji.hr/iva/2011/10/06/vinko-baric-punk-nije-mrtav/ 	Književnost ?
25.10.2011.	caffe bar Jazz Va	Zapis	JAZZ VA  I ZAPIS                                                                                                  Povodom Mjeseca  Hrvatske knjige koji je ove godine posvećen poeziji, caffe bar Jazz Va ugostio je članove Za Pisa. Okupljenima predstavio se Boško Habuš, Iva Pejković, Tihana Gambiraža, i Andrea Malta.	http://zapis.hr/?p=255	Književnost
28.10.2011.	HNK Zadar	Zadarski plesni ansambl	ZADARSKI PLESNI ANSAMBL  „EN FACE“                                                     ZAP proslavio je 20 godina djelovanja izvođenjem plesne predstave „En Face“ na daskama HNK Zadar, no nažalost pred iznimno malobrojnom publikom. Osim plesa, posjetitelji su u foajeu mogli razgledati izložbu s kojom je prikazan rad ansambla u proteklih 20 godina.	http://www.tzzadar.hr/hr/dogadanja/kazaliste/21-10-2011/zadarski-plesni-ansambl-en-face http://blog.vecernji.hr/iva/2011/10/30/plesni-ansambl-koji-je-postao-dio-zadarskog-identiteta/ http://www.zadarskilist.hr/clanci/31102011/zadarski-plesni-ansambl---stup-zadarskog-suvremenog-plesnog-izraza http://www.voxtv.hr/vijesti/zadarski-plesni-ansambl-obiljezio-20-godina-postojanja  	Plesna predstava
09.11.2011.	Multimedijalna dvorana Gradske knjižnice	Zapis	DRUŽENJE ZAPISA U GKZD                                                                                     U Multimedijalnoj dvorani Gradske knjižnice sastali su se članovi Zadarske udruge pisaca „ZaPis“ kako bi zajedno sa posjetiteljima dali svoj doprinos akciji „ Čitajmo pjesnike“koja se održava u sklopu Mjeseca hrvatske knjige. Zapisovci su osim svojih djela čitali i hrvatske pjesnike pa su se tu mogle čuti pjesme Borisa Marune, djela Ivane Šojat Kuči te pjesme na katalonskom i slovenskom jeziku.	http://www.voxportal.hr/vijest/promovirali-akciju-citajmo-pjesnike/17992.html http://zapis.hr/?p=205 	Književnost
21.11.2011.	HNK Zadar	Zadarski plesni ansambl	BOŽIĆNA ČESTITKA ZPA                                                                                 Zadarski plesni ansambl Zadranima je priredio  „Priču o Orašaru i djevojčici Klari“. Plesna predstava sastojala se od 11 točaka, a kroz priču  su publiku vodili Vinko Radovčić i Jelena Karoglan.	http://www.ezadar.hr/clanak/plesna-bajka-orasar-zadarsku-publiku-odvela-na-carobno-bozicno-putovanje http://www.zadarskilist.hr/clanci/22122011/i-zadar-svog-orasara-ima http://www.zadarskilist.hr/clanci/15122011/plesna-cestitka-za-kraj-godine http://www.voxportal.hr/vijest/bozicna-cestitka-glazbene-zadarskog-plesnog-ansambla/19416.html 	Plesna predstava
23.11.2011.	Kazalište lutaka Jazine	Teatar VeRRdi u koprodukciji Mavene i kazališta Glej	„SCREAM“  U KOPRODUKCIJI KAZALIŠTA GLEJ, MAVENE I TEATRA 23. studenog u dvorani Kazališta lutaka Zadar, u Jazinama, Teatro Verrdi organizira gostovanje i zadarsku premijeru predstave „Scream“ koja je svoju ljubljansku premijeru ostvarila 7.lipnja 2011., a nakon Zadra gostovat će u Splitu i Zagrebu. Koncept predstave potpisuje Boris Kadin, dramatizaciju Natasha Kadin, a performeri su Davor Kovač i Aja Kobe. Dizajn zvuka osmislili su Juraj Aras i Boris Kadin, a tehnički direktor i suradnik su Grega Mohorčić i Borut Bučinel.	http://www.ezadar.hr/clanak/teatro-verrdi-donosi-premijeru-predstave-scream http://www.plesnascena.hr/index.php?p=article&id=1408	Kazališna predstava
03.12.2011.	caffe bar Jazz Va	Đorđe Glušić	PRVO SAMOSTALNO IZLAGANJE ĐORĐA GLUŠIĆA                                         3. prosinca 2011. Mladi umjetnik Đorđe  Glušić otvorio je svoju samostalnu izložbu slika. Izložba „Retroperspektiva“  proizlazi iz suvremenog akta bezvremenskog mističnog bića s naglaskom na akordičan oblik, intenzitet boja i usklađenost izražaja.	http://www.ezadar.hr/clanak/retrospektiva-dorde-glusica-u-subotu-u-jazzvi  	Slikarstvo
10.12.2011.	Bunker, Zadar	Šigureca	OPROŠTAJ OD BUNKERA- ODRŽAN CJELODNEVNI KONCERT „POSLJEDNJI ZGONG“                                                                                          10.12. 2011. Udruga Šigureca organizirala je cjelodnevni koncert na kojem su nastupili bendovi koji su devedesetih žarili zadarskom scenom kako bi ispratili legendarni bunker i oodali počast preminulim akterima zadarske scene. Nastupili su E.N.D., ZYON, Izvan kontrole, Misterscon, Trn u oku, Jelly Belly i Dark Ages, Stagediving, D Glad, koks, Anabell Lee, Just Fine, Zašto Meni?, Alergija, Neron Freaks, Ja i Bosna te specijalni gosti iz Splita, Ilija i Zrno Žita.	http://www.ezadar.hr/clanak/povratak-u-bunker-na-posljednji-zgong http://www.ezadar.hr/clanak/kampo-kastelo-posljednji-zgong http://www.zadarskilist.hr/clanci/02122011/koncerti-bendova-koji-su-obiljezili-90-godine-u-zadru http://www.zadarskilist.hr/clanci/24112011/posljednje-sjecanje-na-bunker http://www.voxportal.hr/vijest/zadarski-alternativci-svirali-od-jutra-do-mraka/19106.html http://www.057info.hr/zabava/2011-12-12/bunker-pod-opsadom-zadarske-alternative 	Glazba
22.12.2011.	Galerija Državnog arhiva Zadar	udruga ArtForum	TRADICIONALNA IZLOŽBA ARTFORUMA                                                          U izložbenim prostorijama Državnog arhiva otvorena je Godišnja izložba likovne udruge Art Forum koja je prošle godine proslavila 15 godina djelovanja. Radove je izložilo 20 umjetnika i umjetnica. Izložba nosi naziv „Ljepota različitosti“ te sadržava radove koji su nastali tijekom 2011.godine.	http://www.ezadar.hr/clanak/drzavni-arhiv-otvorenje-izlozbe-udruge-art-forum-zadar-22-prosinca  	Slikarstvo
22.12.2011.	HNK Zadar	Plesni studio Zalet	PLESNI STUDIO ZALET IZVEO PLESNU PREDSTAVU                                Plesni studio Zalet u HNK u predstavio je svoju božićnu plesnu čestitku. Priča nosi naziv „Kako je Tiboru nedostajala Jela“, a plesalo je 80-ak članova Zaleta. Autorica priče i koreografkinja je Iva Burčul, a za ilustracije i likove pobrinuo se Marin Franić	http://www.ezadar.hr/clanak/originalnom-multimedijalnom-cestitkom-zalet-osvojio-srca-publike	Multimedijalna predstava
